﻿<Console>
  <ConsoleName>Sega Saturn</ConsoleName>
  <SortName>Sega 3</SortName>
  <Overview>The Sega Saturn (セガサターン?) is a 32-bit video game console that was first released on November 22, 1994 in Japan, May 11, 1995 in North America, and July 8, 1995 in Europe. The system was discontinued in North America, Europe, and Australia in 1998, and in 2000 in Japan.
While the system was popular in Japan, it failed to gain a similar market share in North America and Europe against Sony's PlayStation and the Nintendo 64, its main competitors.</Overview>
  <ReleaseYear>1995</ReleaseYear>
  <Manufacturer>Sega</Manufacturer>
  <MediaTypes>
    <Media>CD-Rom</Media>
  </MediaTypes>
  <ProcessorBits>
    <CPU>32-bit</CPU>
    <GPU>32-bit</GPU>
  </ProcessorBits>
  <ControllersSupported>
    <Controller>Game Pad</Controller>
  </ControllersSupported>
  <PlayersSupported>2</PlayersSupported>
</Console>