﻿<Console>
  <ConsoleName>Games for Windows</ConsoleName>
  <SortName>Games for Windows</SortName>
  <Overview>Games for Windows is a brand released by Microsoft. Game software must meet certain requirements regulated by Microsoft in order to display the Games for Windows brand on its packaging. These requirements include:
An "Easy Install" option that installs the title on a PC in the fewest possible steps and mouse clicks
Compatibility with the Windows Vista/ 7 Games Explorer 
Installs and runs properly on x64 versions of Windows Vista/ 7 and is compatible with 64-bit processors (though the game itself can be 32-bit)
Supports normal and widescreen resolutions, such as 4:3 aspect ratio (800 x 600, 1024 x 768), 16:9 aspect ratio (1280 x 720, 1920 x 1080), and 16:10 aspect ratio (1280 x 800, 1440 x 900, 1680 x 1050, 1920 x 1200)
Supports parental controls and family settings features in Windows Vista/ 7
Supports launching from Windows Media Center</Overview>
  <ReleaseYear>2010</ReleaseYear>
  <Manufacturer>Microsoft</Manufacturer>
  <MediaTypes>
    <Media></Media>
  </MediaTypes>
  <ProcessorBits>
    <CPU></CPU>
    <GPU></GPU>
  </ProcessorBits>
  <ControllersSupported>
    <Controller></Controller>
  </ControllersSupported>
  <PlayersSupported></PlayersSupported>
</Console>