﻿<Console>
  <ConsoleName>Nintendo Wii</ConsoleName>
  <SortName>Nintendo 5</SortName>
  <Overview>A distinguishing feature of the console is its wireless controller, the Wii Remote, which can be used as a handheld pointing device and detects movement in three dimensions. Another distinctive feature of the console is WiiConnect24, which enables it to receive messages and updates over the Internet while in standby mode.
The Wii is Nintendo's fifth home console, the direct successor to the Nintendo GameCube, and able to play all official GameCube games. Nintendo first spoke of the console at the 2004 E3 press conference and later unveiled the system at the 2005 E3. Nintendo CEO Satoru Iwata revealed a prototype of the controller at the September 2005 Tokyo Game Show. At E3 2006, the console won the first of several awards.</Overview>
  <ReleaseYear>2006</ReleaseYear>
  <Manufacturer>Nintendo</Manufacturer>
  <MediaTypes>
    <Media>Optical Disc</Media>
  </MediaTypes>
  <ProcessorBits>
    <CPU>64-bit</CPU>
    <GPU>64-bit</GPU>
  </ProcessorBits>
  <ControllersSupported>
    <Controller>Wii Remote</Controller>
  </ControllersSupported>
  <PlayersSupported>16</PlayersSupported>
</Console>