﻿<Console>
  <ConsoleName>Nintendo Entertainment System</ConsoleName>
  <SortName>Nintendo 1</SortName>
  <Overview>As the best-selling gaming console of its time, the NES helped revitalize the US video game industry following the video game crash of 1983, and set the standard for subsequent consoles in everything from game design to controller layout. In addition, with the NES, Nintendo introduced a now-standard business model of licensing third-party developers, authorizing them to produce and distribute software for Nintendo's platform.
In 2009, the Nintendo Entertainment System was named the single greatest video game console in history by IGN, out of a field of 25. 2010 marked the system's 25th anniversary, which was officially celebrated by Nintendo of America's magazine Nintendo Power in issue #260 (November 2010) with a special 26-page tribute section. Other video game publications also featured articles looking back at 25 years of the NES, and its impact in the video game console market.</Overview>
  <ReleaseYear>1985</ReleaseYear>
  <Manufacturer>Nintendo</Manufacturer>
  <MediaTypes>
    <Media>ROM Cartridge</Media>
  </MediaTypes>
  <ProcessorBits>
    <CPU>8-bit</CPU>
    <GPU>8-bit</GPU>
  </ProcessorBits>
  <ControllersSupported>
    <Controller>Game Pad</Controller>
  </ControllersSupported>
  <PlayersSupported>2</PlayersSupported>
  <GamesDbName>Nintendo Entertainment System (NES)</GamesDbName>
</Console>