﻿<Console>
  <ConsoleName>Sega Dreamcast</ConsoleName>
  <SortName>Sega 4</SortName>
  <Overview>The Dreamcast (Japanese: ドリームキャスト Dorīmukyasuto?) is a video game console made by Sega, and is the successor to the Sega Saturn. The Dreamcast was the first entry in the sixth generation of video game consoles and was released in late 1998, before its contemporaries — Sony's PlayStation 2, Microsoft's Xbox and the Nintendo GameCube.
Despite its short lifespan, the Dreamcast was widely hailed as ahead of its time, and is still held in high regard for pioneering online console gaming—it was the first console to include a built-in modem and Internet support for online play. As of 2010, the console is still supported through various homebrew video game releases</Overview>
  <ReleaseYear>1999</ReleaseYear>
  <Manufacturer>Sega</Manufacturer>
  <MediaTypes>
    <Media>CD-Rom</Media>
  </MediaTypes>
  <ProcessorBits>
    <CPU>64-bit</CPU>
    <GPU>64-bit</GPU>
  </ProcessorBits>
  <ControllersSupported>
    <Controller>Game Pad</Controller>
  </ControllersSupported>
  <PlayersSupported>4</PlayersSupported>
</Console>