﻿<Console>
  <ConsoleName>Nintendo GameCube</ConsoleName>
  <SortName>Nintendo 4</SortName>
  <Overview>The Nintendo GameCube was the first Nintendo console to use optical discs as its primary storage medium, after several aborted projects from Nintendo and its partners to utilize optical-based storage media. In contrast with the GameCube's contemporary competitors, the PlayStation 2 and Xbox, the GameCube uses miniDVD-based discs instead of full-size DVDs. Partially as a result of this, it does not have the DVD-Video playback functionality of these systems, nor the audio CD playback ability of other consoles that use full-size optical discs.
In addition, the GameCube introduced a variety of connectivity options to Nintendo consoles, and was the third Nintendo console, after the Nintendo 64DD, to support online play officially, via the Nintendo GameCube Broadband Adapter and Modem Adapter. It also enabled connectivity to the Game Boy Advance to access exclusive features of certain games or to use the portable system as a controller for the Game Boy Player.</Overview>
  <ReleaseYear>2001</ReleaseYear>
  <Manufacturer>Nintendo</Manufacturer>
  <MediaTypes>
    <Media>GameCube Game Disc</Media>
  </MediaTypes>
  <ProcessorBits>
    <CPU>64-bit</CPU>
    <GPU>64-bit</GPU>
  </ProcessorBits>
  <ControllersSupported>
    <Controller>Game Pad</Controller>
  </ControllersSupported>
  <PlayersSupported>4</PlayersSupported>
</Console>