﻿<Console>
  <ConsoleName>Sega Genesis</ConsoleName>
  <SortName>Sega 2</SortName>
  <Overview>The Genesis is Sega's most successful console, though there is disparity in the number of units sold worldwide. The console and its games continue to be popular among fans, collectors, retro gamers, emulation enthusiasts and the fan translation scene. There are also several indie game developers continuing to produce games for the console. Many games have been re-released in compilations for newer consoles and/or offered for download on various online services, such as Wii Virtual Console, Xbox Live Arcade, PlayStation Network and Steam.</Overview>
  <ReleaseYear>1989</ReleaseYear>
  <Manufacturer>Sega</Manufacturer>
  <MediaTypes>
    <Media>ROM Cartridge</Media>
  </MediaTypes>
  <ProcessorBits>
    <CPU>16-bit</CPU>
    <GPU>16-bit</GPU>
  </ProcessorBits>
  <ControllersSupported>
    <Controller>Game Pad</Controller>
  </ControllersSupported>
  <PlayersSupported>2</PlayersSupported>
  <GamesDbName>Sega Genesis</GamesDbName>
</Console>