<InputBindingDevices className="FourDO.Emulation.Plugins.Input.JohnnyInput.InputBindingDevices"><Count>6</Count><System.Collections.IEnumerable><InputBindingDevice className="FourDO.Emulation.Plugins.Input.JohnnyInput.InputBindingDevice"><BindingSets className="FourDO.Emulation.Plugins.Input.JohnnyInput.InputBindingSets"><InputBindingSet className="FourDO.Emulation.Plugins.Input.JohnnyInput.InputBindingSet"><Count>11</Count><System.Collections.IEnumerable><InputBinding className="FourDO.Emulation.Plugins.Input.JohnnyInput.InputBinding"><Button>Up</Button><Trigger className="FourDO.Emulation.Plugins.Input.JohnnyInput.KeyboardInputTrigger"><FriendlyName>W</FriendlyName><Key>W</Key></Trigger></InputBinding><InputBinding className="FourDO.Emulation.Plugins.Input.JohnnyInput.InputBinding"><Button>Down</Button><Trigger className="FourDO.Emulation.Plugins.Input.JohnnyInput.KeyboardInputTrigger"><FriendlyName>S</FriendlyName><Key>S</Key></Trigger></InputBinding><InputBinding className="FourDO.Emulation.Plugins.Input.JohnnyInput.InputBinding"><Button>Left</Button><Trigger className="FourDO.Emulation.Plugins.Input.JohnnyInput.KeyboardInputTrigger"><FriendlyName>A</FriendlyName><Key>A</Key></Trigger></InputBinding><InputBinding className="FourDO.Emulation.Plugins.Input.JohnnyInput.InputBinding"><Button>Right</Button><Trigger className="FourDO.Emulation.Plugins.Input.JohnnyInput.KeyboardInputTrigger"><FriendlyName>D</FriendlyName><Key>D</Key></Trigger></InputBinding><InputBinding className="FourDO.Emulation.Plugins.Input.JohnnyInput.InputBinding"><Button>A</Button><Trigger className="FourDO.Emulation.Plugins.Input.JohnnyInput.KeyboardInputTrigger"><FriendlyName>J</FriendlyName><Key>J</Key></Trigger></InputBinding><InputBinding className="FourDO.Emulation.Plugins.Input.JohnnyInput.InputBinding"><Button>B</Button><Trigger className="FourDO.Emulation.Plugins.Input.JohnnyInput.KeyboardInputTrigger"><FriendlyName>K</FriendlyName><Key>K</Key></Trigger></InputBinding><InputBinding className="FourDO.Emulation.Plugins.Input.JohnnyInput.InputBinding"><Button>C</Button><Trigger className="FourDO.Emulation.Plugins.Input.JohnnyInput.KeyboardInputTrigger"><FriendlyName>L</FriendlyName><Key>L</Key></Trigger></InputBinding><InputBinding className="FourDO.Emulation.Plugins.Input.JohnnyInput.InputBinding"><Button>X</Button><Trigger className="FourDO.Emulation.Plugins.Input.JohnnyInput.KeyboardInputTrigger"><FriendlyName>Q</FriendlyName><Key>Q</Key></Trigger></InputBinding><InputBinding className="FourDO.Emulation.Plugins.Input.JohnnyInput.InputBinding"><Button>P</Button><Trigger className="FourDO.Emulation.Plugins.Input.JohnnyInput.KeyboardInputTrigger"><FriendlyName>E</FriendlyName><Key>E</Key></Trigger></InputBinding><InputBinding className="FourDO.Emulation.Plugins.Input.JohnnyInput.InputBinding"><Button>L</Button><Trigger className="FourDO.Emulation.Plugins.Input.JohnnyInput.KeyboardInputTrigger"><FriendlyName>LShiftKey</FriendlyName><Key>LShiftKey</Key></Trigger></InputBinding><InputBinding className="FourDO.Emulation.Plugins.Input.JohnnyInput.InputBinding"><Button>R</Button><Trigger className="FourDO.Emulation.Plugins.Input.JohnnyInput.KeyboardInputTrigger"><FriendlyName>OemQuestion</FriendlyName><Key>OemQuestion</Key></Trigger></InputBinding></System.Collections.IEnumerable></InputBindingSet></BindingSets></InputBindingDevice><InputBindingDevice className="FourDO.Emulation.Plugins.Input.JohnnyInput.InputBindingDevice"><BindingSets className="FourDO.Emulation.Plugins.Input.JohnnyInput.InputBindingSets"><InputBindingSet className="FourDO.Emulation.Plugins.Input.JohnnyInput.InputBindingSet"><Count>11</Count><System.Collections.IEnumerable><InputBinding className="FourDO.Emulation.Plugins.Input.JohnnyInput.InputBinding"><Button>Up</Button><Trigger className="FourDO.Emulation.Plugins.Input.JohnnyInput.KeyboardInputTrigger"><FriendlyName>Up</FriendlyName><Key>Up</Key></Trigger></InputBinding><InputBinding className="FourDO.Emulation.Plugins.Input.JohnnyInput.InputBinding"><Button>Down</Button><Trigger className="FourDO.Emulation.Plugins.Input.JohnnyInput.KeyboardInputTrigger"><FriendlyName>Down</FriendlyName><Key>Down</Key></Trigger></InputBinding><InputBinding className="FourDO.Emulation.Plugins.Input.JohnnyInput.InputBinding"><Button>Left</Button><Trigger className="FourDO.Emulation.Plugins.Input.JohnnyInput.KeyboardInputTrigger"><FriendlyName>Left</FriendlyName><Key>Left</Key></Trigger></InputBinding><InputBinding className="FourDO.Emulation.Plugins.Input.JohnnyInput.InputBinding"><Button>Right</Button><Trigger className="FourDO.Emulation.Plugins.Input.JohnnyInput.KeyboardInputTrigger"><FriendlyName>Right</FriendlyName><Key>Right</Key></Trigger></InputBinding><InputBinding className="FourDO.Emulation.Plugins.Input.JohnnyInput.InputBinding"><Button>A</Button><Trigger className="FourDO.Emulation.Plugins.Input.JohnnyInput.KeyboardInputTrigger"><FriendlyName>I</FriendlyName><Key>I</Key></Trigger></InputBinding><InputBinding className="FourDO.Emulation.Plugins.Input.JohnnyInput.InputBinding"><Button>B</Button><Trigger className="FourDO.Emulation.Plugins.Input.JohnnyInput.KeyboardInputTrigger"><FriendlyName>O</FriendlyName><Key>O</Key></Trigger></InputBinding><InputBinding className="FourDO.Emulation.Plugins.Input.JohnnyInput.InputBinding"><Button>C</Button><Trigger className="FourDO.Emulation.Plugins.Input.JohnnyInput.KeyboardInputTrigger"><FriendlyName>P</FriendlyName><Key>P</Key></Trigger></InputBinding><InputBinding className="FourDO.Emulation.Plugins.Input.JohnnyInput.InputBinding"><Button>X</Button><Trigger className="FourDO.Emulation.Plugins.Input.JohnnyInput.KeyboardInputTrigger"><FriendlyName>U</FriendlyName><Key>U</Key></Trigger></InputBinding><InputBinding className="FourDO.Emulation.Plugins.Input.JohnnyInput.InputBinding"><Button>P</Button><Trigger className="FourDO.Emulation.Plugins.Input.JohnnyInput.KeyboardInputTrigger"><FriendlyName>B</FriendlyName><Key>B</Key></Trigger></InputBinding><InputBinding className="FourDO.Emulation.Plugins.Input.JohnnyInput.InputBinding"><Button>L</Button><Trigger className="FourDO.Emulation.Plugins.Input.JohnnyInput.KeyboardInputTrigger"><FriendlyName>N</FriendlyName><Key>N</Key></Trigger></InputBinding><InputBinding className="FourDO.Emulation.Plugins.Input.JohnnyInput.InputBinding"><Button>R</Button><Trigger className="FourDO.Emulation.Plugins.Input.JohnnyInput.KeyboardInputTrigger"><FriendlyName>M</FriendlyName><Key>M</Key></Trigger></InputBinding></System.Collections.IEnumerable></InputBindingSet></BindingSets></InputBindingDevice><InputBindingDevice className="FourDO.Emulation.Plugins.Input.JohnnyInput.InputBindingDevice"><BindingSets className="FourDO.Emulation.Plugins.Input.JohnnyInput.InputBindingSets" /></InputBindingDevice><InputBindingDevice className="FourDO.Emulation.Plugins.Input.JohnnyInput.InputBindingDevice"><BindingSets className="FourDO.Emulation.Plugins.Input.JohnnyInput.InputBindingSets" /></InputBindingDevice><InputBindingDevice className="FourDO.Emulation.Plugins.Input.JohnnyInput.InputBindingDevice"><BindingSets className="FourDO.Emulation.Plugins.Input.JohnnyInput.InputBindingSets" /></InputBindingDevice><InputBindingDevice className="FourDO.Emulation.Plugins.Input.JohnnyInput.InputBindingDevice"><BindingSets className="FourDO.Emulation.Plugins.Input.JohnnyInput.InputBindingSets" /></InputBindingDevice></System.Collections.IEnumerable></InputBindingDevices>