﻿<Console>
  <ConsoleName>MAME</ConsoleName>
  <SortName></SortName>
  <Overview>MAME is an emulator application designed to recreate the hardware of arcade game systems in software, with the intent of preserving gaming history and preventing vintage games from being lost or forgotten. The aim of MAME is to be a reference to the inner workings of the emulated arcade machines; the ability to actually play the games is considered "a nice side effect". The name is an acronym for Multiple Arcade Machine Emulator.</Overview>
  <ReleaseYear>1997</ReleaseYear>
  <Manufacturer></Manufacturer>
  <MediaTypes>
    <Media></Media>
  </MediaTypes>
  <ProcessorBits>
    <CPU></CPU>
    <GPU></GPU>
  </ProcessorBits>
  <ControllersSupported>
    <Controller></Controller>
    <Controller></Controller>
    <Controller></Controller>
  </ControllersSupported>
  <PlayersSupported>4</PlayersSupported>
  <GamesDbName>Arcade</GamesDbName>
</Console>