﻿<Console>
  <ConsoleName>Sony Playstation (PS, PSX, PSone)</ConsoleName>
  <SortName>Sony 1</SortName>
  <Overview>The PlayStation was the first of the PlayStation series of consoles and handheld game devices. Successor consoles and upgrades include the Net Yaroze, PS one, PSX, PocketStation, PlayStation 2, PlayStation Portable, and PlayStation 3. The PlayStation was the first "computer entertainment platform" to ship 100 million units, which it had reached 9 years and 6 months after its initial launch.</Overview>
  <ReleaseYear>1994</ReleaseYear>
  <Manufacturer>Sony Computer Entertainment</Manufacturer>
  <MediaTypes>
    <Media>CD-Rom</Media>
  </MediaTypes>
  <ProcessorBits>
    <CPU>R3051</CPU>
    <GPU></GPU>
  </ProcessorBits>
  <ControllersSupported>
    <Controller>Game Pad</Controller>
    <Controller>Flight Stick</Controller>
    <Controller>Steering Wheel</Controller>
  </ControllersSupported>
  <PlayersSupported>2</PlayersSupported>
</Console>