<?xml version="1.0"?>
<Console>
	<ConsoleName>Super Nintendo</ConsoleName>
	<SortName>Nintendo 2</SortName>
	<Overview>The Super Nintendo Entertainment System (also known as the Super NES, SNES or Super Nintendo) is a 16-bit video game console that was released by Nintendo in North America, Europe, Australasia (Oceania), and South America between 1990 and 1993. In Japan and Southeast Asia, the system is called the Super Famicom (??????????, officially adopting the abbreviated name of its predecessor, the Family Computer), or SFC for short. In South Korea, it is known as the Super Comboy (?? ???) and was distributed by Hyundai Electronics. Although each version is essentially the same, several forms of regional lockout prevent the different versions from being compatible with one another.
The Super Nintendo Entertainment System was Nintendo's second home console, following the Nintendo Entertainment System (NES). The console introduced advanced graphics and sound capabilities compared with other consoles at the time. It was also the very first video game console in the US to offer standard S-video capability (though very few TVs could use S-video back in 1991). Additionally, development of a variety of enhancement chips (which were integrated on game circuit boards) helped to keep it competitive in the marketplace.
The SNES was a global success, becoming the best-selling console of the 16-bit era despite its relatively late start and the fierce competition it faced in North America from Sega's Genesis console. The SNES remained popular well into the 32-bit era, and although Nintendo has dropped all support for the console (last game released in 1998 in the US), it continues to be popular among fans, collectors, retro gamers, and emulation enthusiasts, some of whom are still making homebrew ROM images.
In 2009, IGN named the Super Nintendo Entertainment System the 4th best video game console out of a field of 25.</Overview>
	<ReleaseYear>1992</ReleaseYear>
	<Manufacturer>Nintendo</Manufacturer>
	<ProcessorBits>
		<CPU>16-bit</CPU>
		<GPU>16-bit</GPU>
	</ProcessorBits>
	<ControllersSupported>
    		<Controller>Game Pad</Controller>
  	</ControllersSupported>
  	<PlayersSupported>2</PlayersSupported>
	<GamesDbName>Super Nintendo (SNES)</GamesDbName>
</Console>