﻿<Console>
  <ConsoleName>Nintendo 64 (N64)</ConsoleName>
  <SortName>Nintendo 3</SortName>
  <Overview>he Nintendo 64, often known as N64, is Nintendo's third home video game console for the international market. Named for its 64-bit CPU, it was released in June 1996 in Japan, September 1996 in North America, March 1997 in Europe and Australia, September 1997 in France and December 1997 in Brazil. It is Nintendo's last home console to use Game Paks to store games (Nintendo switched to a MiniDVD-based format for the Nintendo GameCube, then to standard DVD-sized discs for the Wii); handhelds in the Game Boy line, however, continued to use Game Paks. It was discontinued in 2001 in Japan, North America and PAL regions by the launch of Nintendo's GameCube.</Overview>
  <ReleaseYear>1996</ReleaseYear>
  <Manufacturer>Nintendo</Manufacturer>
  <MediaTypes>
    <Media>ROM Cartridge</Media>
  </MediaTypes>
  <ProcessorBits>
    <CPU>64-bit</CPU>
    <GPU></GPU>
  </ProcessorBits>
  <ControllersSupported>
    <Controller>Game Pad</Controller>
  </ControllersSupported>
  <PlayersSupported>4</PlayersSupported>
  <GamesDbName>Nintendo 64</GamesDbName>
</Console>